epoch,epoch_seconds
0,295.0
1,295.0
2,294.0
3,295.0
4,292.0
5,295.0
6,294.0
7,295.0
8,296.0
9,297.0
10,295.0
11,297.0
12,295.0
13,295.0
14,295.0
15,297.0
16,294.0
17,295.0
18,293.0
19,296.0
20,296.0
21,295.0
22,295.0
23,295.0
24,294.0
25,296.0
26,295.0
27,294.0
28,295.0
29,297.0
30,293.0
31,293.0
32,295.0
33,296.0
34,295.0
35,296.0
36,295.0
37,291.0
38,291.0
39,290.0
40,290.0
41,292.0
42,289.0
43,291.0
44,291.0
45,292.0
46,290.0
47,289.0
48,291.0
49,291.0
50,289.0
51,291.0
52,290.0
53,294.0
54,289.0
55,291.0
56,289.0
57,292.0
58,289.0
59,289.0
60,292.0
61,290.0
62,291.0
63,292.0
64,291.0
65,291.0
66,290.0
67,289.0
68,290.0
69,291.0
70,293.0
71,290.0
72,291.0
73,288.0
74,289.0
75,291.0
76,291.0
77,289.0
78,293.0
79,288.0
80,290.0
81,290.0
82,292.0
83,293.0
84,289.0
85,290.0
86,289.0
87,292.0
88,290.0
89,291.0
90,290.0
91,290.0
92,291.0
93,291.0
94,289.0
95,291.0
96,292.0
97,289.0
98,292.0
99,289.0
100,291.0
101,291.0
102,290.0
103,292.0
104,290.0
105,289.0
106,289.0
107,291.0
108,290.0
109,289.0
110,292.0
111,290.0
112,292.0
113,290.0
114,291.0
115,289.0
116,290.0
117,290.0
118,291.0
119,291.0
120,291.0
121,291.0
122,290.0
123,291.0
124,290.0
125,290.0
126,290.0
127,291.0
128,290.0
129,289.0
130,289.0
131,289.0
132,291.0
133,290.0
134,290.0
135,291.0
136,290.0
137,290.0
138,293.0
139,291.0
140,292.0
141,293.0
142,290.0
143,291.0
144,291.0
145,290.0
146,290.0
147,290.0
148,289.0
149,291.0
150,290.0
151,289.0
152,288.0
153,291.0
154,290.0
155,291.0
156,290.0
157,292.0
158,290.0
159,290.0
160,290.0
161,290.0
162,292.0
163,289.0
164,292.0
165,292.0
166,290.0
167,290.0
168,291.0
169,292.0
170,291.0
171,290.0
172,291.0
173,290.0
174,289.0
175,293.0
176,290.0
177,289.0
178,291.0
179,291.0
180,289.0
181,289.0
182,290.0
183,290.0
184,288.0
185,289.0
186,291.0
187,288.0
188,289.0
189,288.0
190,290.0
191,290.0
192,291.0
193,287.0
194,291.0
195,292.0
196,289.0
197,290.0
198,289.0
199,292.0
200,289.0
201,292.0
202,290.0
203,289.0
204,290.0
205,290.0
206,292.0
207,290.0
208,292.0
209,291.0
